timestamp_utc,stage,event,exit_code
2026-10-07T07:52:36.782Z,S1_full_scoring_sample_200,START,
2026-10-07T07:53:17.787Z,S1_full_scoring_sample_200,END,0
2026-10-07T07:55:31.068Z,S2_prefix256_scoring_20K,START,
2026-10-07T08:04:48.661Z,S2_prefix256_scoring_20K,END,0
2026-10-07T08:09:48.188Z,S4_offline_selection_analysis,START,
2026-10-07T08:09:48.943Z,S4_offline_selection_analysis,END,0
2026-10-07T08:48:18.635Z,S5_asymmetric_k256_fullft,START,
2026-10-07T09:13:59.053Z,S5_asymmetric_k256_fullft,END,0
2026-10-07T09:15:03.570Z,S6_asymmetric_k256_official_eval,START,
2026-10-07T09:52:20.372Z,S6_asymmetric_k256_official_eval,END,0
2026-10-07T09:53:49.545Z,S7_asymmetric_k128_fullft,START,
2026-10-07T10:19:06.125Z,S7_asymmetric_k128_fullft,END,0
2026-10-07T10:19:20.439Z,COST_MATCHED_COMMON_CALIBRATION_FT,START,
2026-10-07T10:37:06.562Z,COST_MATCHED_COMMON_CALIBRATION_FT,END,0
2026-10-07T10:37:06.585Z,COST_MATCHED_K128_SCORING,START,
2026-10-07T10:44:48.260Z,COST_MATCHED_K128_SCORING,END,0
2026-10-07T10:44:49.185Z,COST_MATCHED_T1_FULL_SCORING,START,
2026-10-07T10:56:57.296Z,COST_MATCHED_T1_FULL_SCORING,END,0
2026-10-07T10:56:59.376Z,COST_MATCHED_T1_FINAL2K_FT,START,
2026-10-07T11:21:19.545Z,COST_MATCHED_T1_FINAL2K_FT,END,0
2026-10-07T11:35:50.404Z,COST_FULL20K_E2E_RERUN,START,
2026-10-07T12:13:32.433Z,K128_FINAL2K_FT,START,
2026-10-07T12:38:44.635Z,K128_FINAL2K_FT,END,0
2026-10-07T12:38:44.657Z,K128_OFFICIAL_EVAL,START,
2026-10-07T13:14:36.583Z,K128_OFFICIAL_EVAL,END,0
